{
  "controller/Home.controller.js.map": 1731412279719,
  "controller/Home.controller.js": 1727768091653,
  "model/range.json": 1727768091653,
  "model/models.js": 1729164355668,
  "controller/Search.controller.js": 1729762828779,
  "controller/Opportunity.controller.js": 1727768091653,
  "utils/formatter.js": 1727768091653,
  "controller/ErrorHandler.js": 1731404172608,
  "controller/Detail.controller.js": 1729760421429,
  "controller/Calculate.controller.js": 1727768091653,
  "controller/BaseController.js": 1729761043452,
  "controller/App.controller.js": 1727768091653,
  "manifest.json": 1731412279358,
  "Component.js": 1728896872670,
  "controller/ErrorHandler-dbg.js": 1731404172608,
  "controller/ErrorHandler.js.map": 1731412279715,
  "model/models-dbg.js": 1729164355668,
  "model/models.js.map": 1731412279713,
  "controller/Search-dbg.controller.js": 1729762828779,
  "controller/Search.controller.js.map": 1731412279750,
  "controller/Opportunity-dbg.controller.js": 1727768091653,
  "controller/Opportunity.controller.js.map": 1731412279718,
  "utils/formatter-dbg.js": 1727768091653,
  "utils/formatter.js.map": 1731412279723,
  "controller/Home-dbg.controller.js": 1727768091653,
  "i18n/i18n.properties": 1730883635814,
  "controller/Detail-dbg.controller.js": 1729760421429,
  "controller/Detail.controller.js.map": 1731412279738,
  "controller/Calculate-dbg.controller.js": 1727768091653,
  "controller/Calculate.controller.js.map": 1731412279785,
  "controller/BaseController-dbg.js": 1729761043452,
  "controller/BaseController.js.map": 1731412279735,
  "controller/App-dbg.controller.js": 1727768091653,
  "controller/App.controller.js.map": 1731412279737,
  "Component-dbg.js": 1728896872670,
  "Component.js.map": 1731412279746,
  "Component-preload.js": 1731412280023,
  "Component-preload.js.map": 1731412280023,
  "view/fragment/ValueHelpDialog.fragment.xml": 1728993252246,
  "view/fragment/HCL.fragment.xml": 1727768091653,
  "view/Search.view.xml": 1729761292636,
  "view/Opportunity.view.xml": 1729164847066,
  "view/Home.view.xml": 1731412203321,
  "view/Detail.view.xml": 1729759632154,
  "view/Calculate.view.xml": 1729164867682,
  "view/App.view.xml": 1727768091653,
  "img/HCLTech.png": 1727768091653,
  "css/style.css": 1727768091653,
  "file/UserManual.pdf": 1731412088772,
  "index.html": 1728896872670
}