{
  "controller/Calculate.controller.js": 1727768091653,
  "controller/Opportunity.controller.js": 1727768091653,
  "model/range.json": 1727768091653,
  "model/models.js": 1729164355668,
  "controller/Search.controller.js": 1729762828779,
  "utils/formatter.js": 1727768091653,
  "controller/Home.controller.js": 1727768091653,
  "controller/ErrorHandler.js": 1727768091653,
  "controller/Detail.controller.js": 1729760421429,
  "i18n/i18n.properties": 1727768091653,
  "controller/BaseController.js": 1729761043452,
  "controller/App.controller.js": 1727768091653,
  "manifest.json": 1730098569828,
  "Component.js": 1728896872670,
  "model/models-dbg.js": 1729164355668,
  "model/models.js.map": 1730098569988,
  "controller/Opportunity-dbg.controller.js": 1727768091653,
  "controller/Opportunity.controller.js.map": 1730098569989,
  "controller/Search-dbg.controller.js": 1729762828779,
  "controller/Search.controller.js.map": 1730098570031,
  "utils/formatter-dbg.js": 1727768091653,
  "utils/formatter.js.map": 1730098569988,
  "controller/Home-dbg.controller.js": 1727768091653,
  "controller/Home.controller.js.map": 1730098569991,
  "controller/ErrorHandler-dbg.js": 1727768091653,
  "controller/ErrorHandler.js.map": 1730098569996,
  "controller/Detail-dbg.controller.js": 1729760421429,
  "controller/Detail.controller.js.map": 1730098570032,
  "controller/Calculate-dbg.controller.js": 1727768091653,
  "controller/Calculate.controller.js.map": 1730098570046,
  "controller/BaseController-dbg.js": 1729761043452,
  "controller/BaseController.js.map": 1730098570031,
  "controller/App-dbg.controller.js": 1727768091653,
  "controller/App.controller.js.map": 1730098570033,
  "Component-dbg.js": 1728896872670,
  "Component.js.map": 1730098570037,
  "Component-preload.js": 1730098570294,
  "Component-preload.js.map": 1730098570295,
  "view/fragment/ValueHelpDialog.fragment.xml": 1728993252246,
  "view/fragment/HCL.fragment.xml": 1727768091653,
  "view/Search.view.xml": 1729761292636,
  "view/Opportunity.view.xml": 1729164847066,
  "view/Home.view.xml": 1730096437710,
  "view/Detail.view.xml": 1729759632154,
  "view/Calculate.view.xml": 1729164867682,
  "view/App.view.xml": 1727768091653,
  "file/UserManual.pptx": 1730096473189,
  "img/HCLTech.png": 1727768091653,
  "css/style.css": 1727768091653,
  "index.html": 1728896872670
}